[
  {
    "fullName": "Yvonne Mccalla",
    "boughtCars": 9,
    "spentMoney": 34060.44
  },
  {
    "fullName": "Ann Mcenaney",
    "boughtCars": 6,
    "spentMoney": 21960.81
  },
  {
    "fullName": "Nisha Markwell",
    "boughtCars": 6,
    "spentMoney": 21213.81
  },
  {
    "fullName": "Francis Mckim",
    "boughtCars": 4,
    "spentMoney": 20100.28
  },
  {
    "fullName": "Natalie Poli",
    "boughtCars": 4,
    "spentMoney": 18088.61
  },
  {
    "fullName": "Zada Attwood",
    "boughtCars": 5,
    "spentMoney": 18057.0
  },
  {
    "fullName": "Johnette Derryberry",
    "boughtCars": 4,
    "spentMoney": 16499.19
  },
  {
    "fullName": "Carri Knapik",
    "boughtCars": 4,
    "spentMoney": 15292.06
  },
  {
    "fullName": "Marcelle Griego",
    "boughtCars": 2,
    "spentMoney": 14775.01
  },
  {
    "fullName": "Brett Brickley",
    "boughtCars": 3,
    "spentMoney": 13213.08
  },
  {
    "fullName": "Taina Achenbach",
    "boughtCars": 1,
    "spentMoney": 9857.2
  },
  {
    "fullName": "Hai Everton",
    "boughtCars": 2,
    "spentMoney": 8816.66
  },
  {
    "fullName": "Teddy Hobby",
    "boughtCars": 2,
    "spentMoney": 5889.59
  },
  {
    "fullName": "Oren Perlman",
    "boughtCars": 2,
    "spentMoney": 5734.609999999999
  },
  {
    "fullName": "Daniele Zarate",
    "boughtCars": 3,
    "spentMoney": 4726.11
  },
  {
    "fullName": "Emmitt Benally",
    "boughtCars": 2,
    "spentMoney": 4409.33
  },
  {
    "fullName": "Hipolito Lamoreaux",
    "boughtCars": 1,
    "spentMoney": 4225.96
  },
  {
    "fullName": "Garret Capron",
    "boughtCars": 1,
    "spentMoney": 3759.35
  },
  {
    "fullName": "Audrea Cardinal",
    "boughtCars": 1,
    "spentMoney": 3743.1799999999994
  },
  {
    "fullName": "Rico Peer",
    "boughtCars": 1,
    "spentMoney": 2934.89
  },
  {
    "fullName": "Jimmy Grossi",
    "boughtCars": 1,
    "spentMoney": 2271.59
  },
  {
    "fullName": "Faustina Burgher",
    "boughtCars": 1,
    "spentMoney": 1768.63
  },
  {
    "fullName": "Rema Revelle",
    "boughtCars": 1,
    "spentMoney": 1595.17
  },
  {
    "fullName": "Carole Witman",
    "boughtCars": 1,
    "spentMoney": 1307.8
  },
  {
    "fullName": "Lino Subia",
    "boughtCars": 1,
    "spentMoney": 1202.18
  }
]