[
  {
    "Id": 2,
    "Name": "Agway Inc.",
    "partsCount": 1
  },
  {
    "Id": 4,
    "Name": "Airgas, Inc.",
    "partsCount": 4
  },
  {
    "Id": 7,
    "Name": "Caterpillar Inc.",
    "partsCount": 8
  },
  {
    "Id": 9,
    "Name": "Cintas Corp.",
    "partsCount": 5
  },
  {
    "Id": 11,
    "Name": "Cintas Corp.",
    "partsCount": 5
  },
  {
    "Id": 14,
    "Name": "The Clorox Co.",
    "partsCount": 4
  },
  {
    "Id": 16,
    "Name": "E.I. Du Pont de Nemours and Company",
    "partsCount": 4
  },
  {
    "Id": 19,
    "Name": "GenCorp Inc.",
    "partsCount": 3
  },
  {
    "Id": 21,
    "Name": "Level 3 Communications Inc.",
    "partsCount": 4
  },
  {
    "Id": 23,
    "Name": "Nicor Inc",
    "partsCount": 8
  },
  {
    "Id": 26,
    "Name": "Saks Inc",
    "partsCount": 2
  },
  {
    "Id": 29,
    "Name": "VF Corporation",
    "partsCount": 3
  },
  {
    "Id": 31,
    "Name": "Zale",
    "partsCount": 5
  }
]