[
  {
    "car": {
      "Make": "Citroen",
      "Model": "C3",
      "TravelledDistance": 9223336854775807
    },
    "customerName": "Lino Subia",
    "discount": 0.3,
    "price": 1202.18,
    "priceWithDiscount": 841.5260000000001
  },
  {
    "car": {
      "Make": "Rolls-Royce",
      "Model": "Phantom Drophead Coupé",
      "TravelledDistance": 922336854775807
    },
    "customerName": "Ann Mcenaney",
    "discount": 0.1,
    "price": 2886.0899999999997,
    "priceWithDiscount": 2597.4809999999998
  },
  {
    "car": {
      "Make": "Dacia",
      "Model": "Dokker",
      "TravelledDistance": 2147647
    },
    "customerName": "Yvonne Mccalla",
    "discount": 0.25,
    "price": 2525.82,
    "priceWithDiscount": 1894.3650000000002
  },
  {
    "car": {
      "Make": "Dacia",
      "Model": "Dokker",
      "TravelledDistance": 2147447
    },
    "customerName": "Marcelle Griego",
    "discount": 0.2,
    "price": 6408.759999999999,
    "priceWithDiscount": 5127.008
  },
  {
    "car": {
      "Make": "Toyota",
      "Model": "Tacoma",
      "TravelledDistance": 247
    },
    "customerName": "Zada Attwood",
    "discount": 0.35,
    "price": 6042.0,
    "priceWithDiscount": 3927.3
  },
  {
    "car": {
      "Make": "Great Wall",
      "Model": "H2",
      "TravelledDistance": 9236854775807
    },
    "customerName": "Johnette Derryberry",
    "discount": 0.2,
    "price": 982.7800000000001,
    "priceWithDiscount": 786.224
  },
  {
    "car": {
      "Make": "BMW",
      "Model": "F20",
      "TravelledDistance": 83647
    },
    "customerName": "Zada Attwood",
    "discount": 0.2,
    "price": 2288.09,
    "priceWithDiscount": 1830.4720000000002
  },
  {
    "car": {
      "Make": "Ferrari",
      "Model": "275",
      "TravelledDistance": 92854775807
    },
    "customerName": "Nisha Markwell",
    "discount": 0.5,
    "price": 2674.46,
    "priceWithDiscount": 1337.23
  },
  {
    "car": {
      "Make": "Great Wall",
      "Model": "H2",
      "TravelledDistance": 21647
    },
    "customerName": "Johnette Derryberry",
    "discount": 0.45,
    "price": 3189.91,
    "priceWithDiscount": 1754.4505
  },
  {
    "car": {
      "Make": "BMW",
      "Model": "F20",
      "TravelledDistance": 21447
    },
    "customerName": "Carole Witman",
    "discount": 0.4,
    "price": 1307.8,
    "priceWithDiscount": 784.68
  },
  {
    "car": {
      "Make": "Citroen",
      "Model": "C1",
      "TravelledDistance": 2147483647
    },
    "customerName": "Yvonne Mccalla",
    "discount": 0.15000000000000002,
    "price": 6427.0199999999995,
    "priceWithDiscount": 5462.967
  },
  {
    "car": {
      "Make": "Lamborghini",
      "Model": "Gallardo",
      "TravelledDistance": 92234775807
    },
    "customerName": "Daniele Zarate",
    "discount": 0.1,
    "price": 3070.29,
    "priceWithDiscount": 2763.261
  },
  {
    "car": {
      "Make": "Alfa Romeo",
      "Model": "Giulietta",
      "TravelledDistance": 2036854775807
    },
    "customerName": "Francis Mckim",
    "discount": 0.45,
    "price": 6419.789999999999,
    "priceWithDiscount": 3530.884499999999
  },
  {
    "car": {
      "Make": "Mercedes",
      "Model": "A 160 CDI",
      "TravelledDistance": 4775807
    },
    "customerName": "Teddy Hobby",
    "discount": 0.1,
    "price": 3405.47,
    "priceWithDiscount": 3064.923
  },
  {
    "car": {
      "Make": "Chevy",
      "Model": "Camaro",
      "TravelledDistance": 283647
    },
    "customerName": "Brett Brickley",
    "discount": 0.35,
    "price": 5604.59,
    "priceWithDiscount": 3642.9835000000003
  },
  {
    "car": {
      "Make": "Chevy",
      "Model": "Malibu",
      "TravelledDistance": 922337775807
    },
    "customerName": "Zada Attwood",
    "discount": 0.15000000000000002,
    "price": 4454.65,
    "priceWithDiscount": 3786.4524999999994
  },
  {
    "car": {
      "Make": "Renault",
      "Model": "Espace",
      "TravelledDistance": 2147487
    },
    "customerName": "Nisha Markwell",
    "discount": 0.05,
    "price": 2888.71,
    "priceWithDiscount": 2744.2745
  },
  {
    "car": {
      "Make": "Chevy",
      "Model": "Malibu",
      "TravelledDistance": 92233854775807
    },
    "customerName": "Zada Attwood",
    "discount": 0.55,
    "price": 1155.02,
    "priceWithDiscount": 519.7589999999999
  },
  {
    "car": {
      "Make": "Dacia",
      "Model": "Sandero",
      "TravelledDistance": 2147647
    },
    "customerName": "Brett Brickley",
    "discount": 0.15000000000000002,
    "price": 3303.7999999999997,
    "priceWithDiscount": 2808.2299999999996
  },
  {
    "car": {
      "Make": "Toyota",
      "Model": "Yaris",
      "TravelledDistance": 21477
    },
    "customerName": "Teddy Hobby",
    "discount": 0.25,
    "price": 2484.12,
    "priceWithDiscount": 1863.09
  },
  {
    "car": {
      "Make": "Opel",
      "Model": "Astra",
      "TravelledDistance": 2147483647
    },
    "customerName": "Hai Everton",
    "discount": 0.55,
    "price": 3550.91,
    "priceWithDiscount": 1597.9094999999998
  },
  {
    "car": {
      "Make": "Ford",
      "Model": "Pinto",
      "TravelledDistance": 2147647
    },
    "customerName": "Oren Perlman",
    "discount": 0.45,
    "price": 3722.35,
    "priceWithDiscount": 2047.2925
  },
  {
    "car": {
      "Make": "Seat",
      "Model": "Toledo",
      "TravelledDistance": 2147447
    },
    "customerName": "Hai Everton",
    "discount": 0.35,
    "price": 5265.75,
    "priceWithDiscount": 3422.7375
  },
  {
    "car": {
      "Make": "Toyota",
      "Model": "Corolla",
      "TravelledDistance": 92235807
    },
    "customerName": "Ann Mcenaney",
    "discount": 0.1,
    "price": 843.13,
    "priceWithDiscount": 758.817
  },
  {
    "car": {
      "Make": "Ferrari",
      "Model": "Daytona",
      "TravelledDistance": 2147447
    },
    "customerName": "Nisha Markwell",
    "discount": 0.4,
    "price": 3746.2200000000003,
    "priceWithDiscount": 2247.732
  },
  {
    "car": {
      "Make": "Ford",
      "Model": "Pinto",
      "TravelledDistance": 214647
    },
    "customerName": "Yvonne Mccalla",
    "discount": 0.05,
    "price": 3351.38,
    "priceWithDiscount": 3183.811
  },
  {
    "car": {
      "Make": "Fiat",
      "Model": "500L",
      "TravelledDistance": 92233754775807
    },
    "customerName": "Marcelle Griego",
    "discount": 0.15000000000000002,
    "price": 8366.25,
    "priceWithDiscount": 7111.3125
  },
  {
    "car": {
      "Make": "Toyota",
      "Model": "Yaris",
      "TravelledDistance": 94775807
    },
    "customerName": "Francis Mckim",
    "discount": 0.15000000000000002,
    "price": 4540.8099999999995,
    "priceWithDiscount": 3859.6884999999993
  },
  {
    "car": {
      "Make": "Lamborghini",
      "Model": "Diablo",
      "TravelledDistance": 283647
    },
    "customerName": "Ann Mcenaney",
    "discount": 0.35,
    "price": 5142.24,
    "priceWithDiscount": 3342.456
  },
  {
    "car": {
      "Make": "Fiat",
      "Model": "Freemont",
      "TravelledDistance": 21473647
    },
    "customerName": "Rema Revelle",
    "discount": 0.15000000000000002,
    "price": 1595.17,
    "priceWithDiscount": 1355.8945
  },
  {
    "car": {
      "Make": "Toyota",
      "Model": "Prius",
      "TravelledDistance": 9223372037
    },
    "customerName": "Daniele Zarate",
    "discount": 0.5,
    "price": 964.9399999999999,
    "priceWithDiscount": 482.46999999999997
  },
  {
    "car": {
      "Make": "Peugeot",
      "Model": "407",
      "TravelledDistance": 922036854775807
    },
    "customerName": "Zada Attwood",
    "discount": 0.1,
    "price": 4117.24,
    "priceWithDiscount": 3705.5159999999996
  },
  {
    "car": {
      "Make": "Seat",
      "Model": "Mii",
      "TravelledDistance": 214783647
    },
    "customerName": "Nisha Markwell",
    "discount": 0.4,
    "price": 2423.85,
    "priceWithDiscount": 1454.31
  },
  {
    "car": {
      "Make": "Nissan",
      "Model": "Rogue",
      "TravelledDistance": 214647
    },
    "customerName": "Taina Achenbach",
    "discount": 0.1,
    "price": 9857.2,
    "priceWithDiscount": 8871.480000000001
  },
  {
    "car": {
      "Make": "BMW",
      "Model": "F25",
      "TravelledDistance": 9223372036854775807
    },
    "customerName": "Jimmy Grossi",
    "discount": 0.05,
    "price": 2271.5899999999997,
    "priceWithDiscount": 2158.0105
  },
  {
    "car": {
      "Make": "BMW",
      "Model": "F04",
      "TravelledDistance": 483647
    },
    "customerName": "Francis Mckim",
    "discount": 0.55,
    "price": 4534.23,
    "priceWithDiscount": 2040.4034999999994
  },
  {
    "car": {
      "Make": "Mercedes",
      "Model": "W211",
      "TravelledDistance": 47757
    },
    "customerName": "Yvonne Mccalla",
    "discount": 0.55,
    "price": 2499.1400000000003,
    "priceWithDiscount": 1124.613
  },
  {
    "car": {
      "Make": "Skoda",
      "Model": "Citigo",
      "TravelledDistance": 2183647
    },
    "customerName": "Ann Mcenaney",
    "discount": 0.25,
    "price": 1423.26,
    "priceWithDiscount": 1067.445
  },
  {
    "car": {
      "Make": "Mercedes",
      "Model": "W202",
      "TravelledDistance": 92233754775807
    },
    "customerName": "Ann Mcenaney",
    "discount": 0.35,
    "price": 2981.51,
    "priceWithDiscount": 1937.9815
  },
  {
    "car": {
      "Make": "Alfa Romeo",
      "Model": "Giulietta",
      "TravelledDistance": 21474847
    },
    "customerName": "Carri Knapik",
    "discount": 0.1,
    "price": 1808.67,
    "priceWithDiscount": 1627.803
  },
  {
    "car": {
      "Make": "Ferrari",
      "Model": "250 GTO",
      "TravelledDistance": 213647
    },
    "customerName": "Carri Knapik",
    "discount": 0.25,
    "price": 6677.219999999999,
    "priceWithDiscount": 5007.914999999999
  },
  {
    "car": {
      "Make": "Ford",
      "Model": "Pinto",
      "TravelledDistance": 922337807
    },
    "customerName": "Nisha Markwell",
    "discount": 0.0,
    "price": 6147.2,
    "priceWithDiscount": 6147.2
  },
  {
    "car": {
      "Make": "Citroen",
      "Model": "C3",
      "TravelledDistance": 214647
    },
    "customerName": "Natalie Poli",
    "discount": 0.5,
    "price": 6997.0,
    "priceWithDiscount": 3498.5
  },
  {
    "car": {
      "Make": "Nissan",
      "Model": "Altima",
      "TravelledDistance": 213647
    },
    "customerName": "Natalie Poli",
    "discount": 0.3,
    "price": 2648.06,
    "priceWithDiscount": 1853.6419999999998
  },
  {
    "car": {
      "Make": "Nissan",
      "Model": "GT-R",
      "TravelledDistance": 2147483647
    },
    "customerName": "Emmitt Benally",
    "discount": 0.45,
    "price": 1086.8,
    "priceWithDiscount": 597.74
  },
  {
    "car": {
      "Make": "Dacia",
      "Model": "Duster",
      "TravelledDistance": 21447
    },
    "customerName": "Rico Peer",
    "discount": 0.55,
    "price": 2934.89,
    "priceWithDiscount": 1320.7005
  },
  {
    "car": {
      "Make": "Toyota",
      "Model": "Prius",
      "TravelledDistance": 283647
    },
    "customerName": "Ann Mcenaney",
    "discount": 0.45,
    "price": 8684.58,
    "priceWithDiscount": 4776.519
  },
  {
    "car": {
      "Make": "Citroen",
      "Model": "C1",
      "TravelledDistance": 924775807
    },
    "customerName": "Daniele Zarate",
    "discount": 0.05,
    "price": 690.88,
    "priceWithDiscount": 656.336
  },
  {
    "car": {
      "Make": "Peugeot",
      "Model": "206",
      "TravelledDistance": 21474647
    },
    "customerName": "Brett Brickley",
    "discount": 0.55,
    "price": 4304.69,
    "priceWithDiscount": 1937.1104999999998
  },
  {
    "car": {
      "Make": "Toyota",
      "Model": "Yaris",
      "TravelledDistance": 21477
    },
    "customerName": "Johnette Derryberry",
    "discount": 0.15000000000000002,
    "price": 10663.21,
    "priceWithDiscount": 9063.7285
  },
  {
    "car": {
      "Make": "Citroen",
      "Model": "C4",
      "TravelledDistance": 2147487
    },
    "customerName": "Oren Perlman",
    "discount": 0.45,
    "price": 2012.26,
    "priceWithDiscount": 1106.743
  },
  {
    "car": {
      "Make": "Fiat",
      "Model": "500L",
      "TravelledDistance": 21474847
    },
    "customerName": "Francis Mckim",
    "discount": 0.45,
    "price": 4605.45,
    "priceWithDiscount": 2532.9975
  },
  {
    "car": {
      "Make": "Peugeot",
      "Model": "206",
      "TravelledDistance": 2147483647
    },
    "customerName": "Emmitt Benally",
    "discount": 0.2,
    "price": 3322.5299999999997,
    "priceWithDiscount": 2658.024
  },
  {
    "car": {
      "Make": "Mercedes",
      "Model": "W212",
      "TravelledDistance": 54775807
    },
    "customerName": "Yvonne Mccalla",
    "discount": 0.25,
    "price": 4946.55,
    "priceWithDiscount": 3709.9125000000004
  },
  {
    "car": {
      "Make": "Toyota",
      "Model": "Prius",
      "TravelledDistance": 922335807
    },
    "customerName": "Carri Knapik",
    "discount": 0.45,
    "price": 5394.87,
    "priceWithDiscount": 2967.1785
  },
  {
    "car": {
      "Make": "Peugeot",
      "Model": "306",
      "TravelledDistance": 2036854775807
    },
    "customerName": "Garret Capron",
    "discount": 0.05,
    "price": 3759.3500000000004,
    "priceWithDiscount": 3571.3825
  },
  {
    "car": {
      "Make": "Rolls-Royce",
      "Model": "Phantom",
      "TravelledDistance": 214647
    },
    "customerName": "Audrea Cardinal",
    "discount": 0.3,
    "price": 3743.18,
    "priceWithDiscount": 2620.2259999999997
  },
  {
    "car": {
      "Make": "BMW",
      "Model": "X6 M",
      "TravelledDistance": 922775807
    },
    "customerName": "Johnette Derryberry",
    "discount": 0.45,
    "price": 1663.29,
    "priceWithDiscount": 914.8095
  },
  {
    "car": {
      "Make": "Alfa Romeo",
      "Model": "75",
      "TravelledDistance": 72036854775807
    },
    "customerName": "Nisha Markwell",
    "discount": 0.05,
    "price": 3333.37,
    "priceWithDiscount": 3166.7015
  },
  {
    "car": {
      "Make": "Opel",
      "Model": "Vectra",
      "TravelledDistance": 9223372854775807
    },
    "customerName": "Faustina Burgher",
    "discount": 0.1,
    "price": 1768.63,
    "priceWithDiscount": 1591.767
  },
  {
    "car": {
      "Make": "Nissan",
      "Model": "Altima",
      "TravelledDistance": 2147
    },
    "customerName": "Yvonne Mccalla",
    "discount": 0.15000000000000002,
    "price": 6129.49,
    "priceWithDiscount": 5210.0665
  },
  {
    "car": {
      "Make": "Renault",
      "Model": "Clio IV",
      "TravelledDistance": 2147483647
    },
    "customerName": "Hipolito Lamoreaux",
    "discount": 0.15000000000000002,
    "price": 4225.96,
    "priceWithDiscount": 3592.066
  },
  {
    "car": {
      "Make": "Nissan",
      "Model": "GT-R",
      "TravelledDistance": 954775807
    },
    "customerName": "Yvonne Mccalla",
    "discount": 0.05,
    "price": 3163.3,
    "priceWithDiscount": 3005.135
  },
  {
    "car": {
      "Make": "Ferrari",
      "Model": "F40",
      "TravelledDistance": 21447
    },
    "customerName": "Natalie Poli",
    "discount": 0.3,
    "price": 3392.93,
    "priceWithDiscount": 2375.051
  },
  {
    "car": {
      "Make": "Chevy",
      "Model": "Impala",
      "TravelledDistance": 214748347
    },
    "customerName": "Carri Knapik",
    "discount": 0.15000000000000002,
    "price": 1411.3,
    "priceWithDiscount": 1199.605
  },
  {
    "car": {
      "Make": "Toyota",
      "Model": "Prius",
      "TravelledDistance": 922337807
    },
    "customerName": "Natalie Poli",
    "discount": 0.3,
    "price": 5050.62,
    "priceWithDiscount": 3535.434
  },
  {
    "car": {
      "Make": "Dacia",
      "Model": "Sandero Stepway",
      "TravelledDistance": 922337807
    },
    "customerName": "Yvonne Mccalla",
    "discount": 0.55,
    "price": 2913.3,
    "priceWithDiscount": 1310.985
  },
  {
    "car": {
      "Make": "Toyota",
      "Model": "Camry Hybrid",
      "TravelledDistance": 92275807
    },
    "customerName": "Yvonne Mccalla",
    "discount": 0.1,
    "price": 2104.44,
    "priceWithDiscount": 1893.996
  }
]