<?xml version="1.0" encoding="utf-8"?>
<customers>
    <customer full-name="Yvonne Mccalla" bought-cars="2" spent-money="19181.47"/>
    <customer full-name="Francis Mckim" bought-cars="4" spent-money="18381.379999999997"/>
    <customer full-name="Teddy Hobby" bought-cars="2" spent-money="16242.449999999999"/>
    <customer full-name="Ann Mcenaney" bought-cars="2" spent-money="14227.91"/>
    <customer full-name="Hai Everton" bought-cars="3" spent-money="14156.92"/>
    <customer full-name="Taina Achenbach" bought-cars="4" spent-money="12552.58"/>
    <customer full-name="Nisha Markwell" bought-cars="2" spent-money="10051.779999999999"/>
    <customer full-name="Zada Attwood" bought-cars="3" spent-money="9926.949999999999"/>
    <customer full-name="Audrea Cardinal" bought-cars="2" spent-money="9605.939999999999"/>
    <customer full-name="Brett Brickley" bought-cars="3" spent-money="9303.92"/>
    <customer full-name="Louann Holzworth" bought-cars="3" spent-money="9290.83"/>
    <customer full-name="Rico Peer" bought-cars="2" spent-money="9269.96"/>
    <customer full-name="Carole Witman" bought-cars="2" spent-money="9003.08"/>
    <customer full-name="Lino Subia" bought-cars="2" spent-money="8757.2"/>
    <customer full-name="Donnetta Soliz" bought-cars="2" spent-money="8491.88"/>
    <customer full-name="Kristian Engberg" bought-cars="2" spent-money="7674.75"/>
    <customer full-name="Cinthia Lasala" bought-cars="2" spent-money="7244.629999999999"/>
    <customer full-name="Emmitt Benally" bought-cars="2" spent-money="7002.270000000001"/>
    <customer full-name="Marcelle Griego" bought-cars="2" spent-money="6817.0599999999995"/>
    <customer full-name="Hipolito Lamoreaux" bought-cars="2" spent-money="5585.780000000001"/>
    <customer full-name="Natalie Poli" bought-cars="1" spent-money="4802.2699999999995"/>
    <customer full-name="Daniele Zarate" bought-cars="2" spent-money="4287.05"/>
    <customer full-name="Jimmy Grossi" bought-cars="2" spent-money="4217.32"/>
    <customer full-name="Rema Revelle" bought-cars="1" spent-money="3883.72"/>
    <customer full-name="Carri Knapik" bought-cars="2" spent-money="3376.8900000000003"/>
    <customer full-name="Faustina Burgher" bought-cars="2" spent-money="3007.8500000000004"/>
    <customer full-name="Johnette Derryberry" bought-cars="1" spent-money="2193.16"/>
    <customer full-name="Garret Capron" bought-cars="1" spent-money="1201.67"/>
</customers>