<?xml version="1.0" encoding="utf-8"?>
<sales>
    <sale>
        <car make="Peugeot" model="206" travelled-distance="922036854775807"/>
        <customer-name>Teddy Hobby</customer-name>
        <discount>0.15000000000000002</discount>
        <price>9683.65</price>
        <price-with-discount>8231.102499999999</price-with-discount>
    </sale>
    <sale>
        <car make="Citroen" model="C4" travelled-distance="92236854775807"/>
        <customer-name>Carole Witman</customer-name>
        <discount>0.15</discount>
        <price>6129.83</price>
        <price-with-discount>5210.3555</price-with-discount>
    </sale>
    <sale>
        <car make="Toyota" model="Corolla" travelled-distance="92235807"/>
        <customer-name>Kristian Engberg</customer-name>
        <discount>0.3</discount>
        <price>2933.89</price>
        <price-with-discount>2053.723</price-with-discount>
    </sale>
    <sale>
        <car make="Toyota" model="Corolla" travelled-distance="9223807"/>
        <customer-name>Cinthia Lasala</customer-name>
        <discount>0.15000000000000002</discount>
        <price>1003.4</price>
        <price-with-discount>852.89</price-with-discount>
    </sale>
    <sale>
        <car make="Peugeot" model="407" travelled-distance="922036854775807"/>
        <customer-name>Louann Holzworth</customer-name>
        <discount>0.3</discount>
        <price>3926.82</price>
        <price-with-discount>2748.7740000000003</price-with-discount>
    </sale>
    <sale>
        <car make="Lamborghini" model="Gallardo" travelled-distance="923372054775807"/>
        <customer-name>Rico Peer</customer-name>
        <discount>0.05</discount>
        <price>6819.15</price>
        <price-with-discount>6478.192499999999</price-with-discount>
    </sale>
    <sale>
        <car make="Fiat" model="Panda 4x4 Antarctica" travelled-distance="214747"/>
        <customer-name>Lino Subia</customer-name>
        <discount>0.2</discount>
        <price>4644.78</price>
        <price-with-discount>3715.8239999999996</price-with-discount>
    </sale>
    <sale>
        <car make="Fiat" model="Freemont" travelled-distance="92233685477"/>
        <customer-name>Marcelle Griego</customer-name>
        <discount>0.1</discount>
        <price>5143.5</price>
        <price-with-discount>4629.15</price-with-discount>
    </sale>
    <sale>
        <car make="Lamborghini" model="Murciélago" travelled-distance="2143647"/>
        <customer-name>Francis Mckim</customer-name>
        <discount>0.35</discount>
        <price>6910.889999999999</price>
        <price-with-discount>4492.0785</price-with-discount>
    </sale>
    <sale>
        <car make="Opel" model="Insignia" travelled-distance="2147483647"/>
        <customer-name>Brett Brickley</customer-name>
        <discount>0.15000000000000002</discount>
        <price>1280.93</price>
        <price-with-discount>1088.7905</price-with-discount>
    </sale>
    <sale>
        <car make="Ford" model="Fiesta" travelled-distance="2143647"/>
        <customer-name>Brett Brickley</customer-name>
        <discount>0.15000000000000002</discount>
        <price>4459.58</price>
        <price-with-discount>3790.643</price-with-discount>
    </sale>
    <sale>
        <car make="Chevy" model="Cruze" travelled-distance="9223372034775807"/>
        <customer-name>Francis Mckim</customer-name>
        <discount>0.05</discount>
        <price>2868.86</price>
        <price-with-discount>2725.417</price-with-discount>
    </sale>
    <sale>
        <car make="Opel" model="Omega" travelled-distance="2147483647"/>
        <customer-name>Garret Capron</customer-name>
        <discount>0.4</discount>
        <price>1201.67</price>
        <price-with-discount>721.002</price-with-discount>
    </sale>
    <sale>
        <car make="Seat" model="Toledo" travelled-distance="2147647"/>
        <customer-name>Taina Achenbach</customer-name>
        <discount>0.4</discount>
        <price>2067.23</price>
        <price-with-discount>1240.338</price-with-discount>
    </sale>
    <sale>
        <car make="Ferrari" model="275" travelled-distance="2147647"/>
        <customer-name>Daniele Zarate</customer-name>
        <discount>0.2</discount>
        <price>2055.3</price>
        <price-with-discount>1644.2400000000002</price-with-discount>
    </sale>
    <sale>
        <car make="Chevy" model="Malibu" travelled-distance="92233854775807"/>
        <customer-name>Marcelle Griego</customer-name>
        <discount>0.35</discount>
        <price>1673.56</price>
        <price-with-discount>1087.8139999999999</price-with-discount>
    </sale>
    <sale>
        <car make="Great Wall" model="Haval M4" travelled-distance="9223372035807"/>
        <customer-name>Hai Everton</customer-name>
        <discount>0.05</discount>
        <price>3570.61</price>
        <price-with-discount>3392.0795000000003</price-with-discount>
    </sale>
    <sale>
        <car make="Mercedes" model="W210" travelled-distance="2147483647"/>
        <customer-name>Taina Achenbach</customer-name>
        <discount>0.0</discount>
        <price>6669.99</price>
        <price-with-discount>6669.99</price-with-discount>
    </sale>
    <sale>
        <car make="Dacia" model="Sandero" travelled-distance="2147647"/>
        <customer-name>Hipolito Lamoreaux</customer-name>
        <discount>0.25</discount>
        <price>3747.1299999999997</price>
        <price-with-discount>2810.3475</price-with-discount>
    </sale>
    <sale>
        <car make="Ford" model="Fiesta" travelled-distance="922807"/>
        <customer-name>Cinthia Lasala</customer-name>
        <discount>0.05</discount>
        <price>6241.23</price>
        <price-with-discount>5929.1685</price-with-discount>
    </sale>
    <sale>
        <car make="BMW" model="F25" travelled-distance="9223372036854775807"/>
        <customer-name>Faustina Burgher</customer-name>
        <discount>0.1</discount>
        <price>1173.7</price>
        <price-with-discount>1056.33</price-with-discount>
    </sale>
    <sale>
        <car make="Renault" model="Espace" travelled-distance="2147487"/>
        <customer-name>Carri Knapik</customer-name>
        <discount>0.25</discount>
        <price>854.26</price>
        <price-with-discount>640.6949999999999</price-with-discount>
    </sale>
    <sale>
        <car make="Opel" model="Insignia" travelled-distance="9223372036854775807"/>
        <customer-name>Francis Mckim</customer-name>
        <discount>0.45</discount>
        <price>2081.87</price>
        <price-with-discount>1145.0285</price-with-discount>
    </sale>
    <sale>
        <car make="Skoda" model="Citigo" travelled-distance="214647"/>
        <customer-name>Zada Attwood</customer-name>
        <discount>0.15000000000000002</discount>
        <price>2291.48</price>
        <price-with-discount>1947.758</price-with-discount>
    </sale>
    <sale>
        <car make="Citroen" model="C5" travelled-distance="2147483647"/>
        <customer-name>Teddy Hobby</customer-name>
        <discount>0.25</discount>
        <price>6558.799999999999</price>
        <price-with-discount>4919.099999999999</price-with-discount>
    </sale>
    <sale>
        <car make="Chevy" model="Caprice" travelled-distance="2143647"/>
        <customer-name>Emmitt Benally</customer-name>
        <discount>0.1</discount>
        <price>4595.13</price>
        <price-with-discount>4135.617</price-with-discount>
    </sale>
    <sale>
        <car make="Alfa Romeo" model="156" travelled-distance="92036854775807"/>
        <customer-name>Yvonne Mccalla</customer-name>
        <discount>0.2</discount>
        <price>7027.129999999999</price>
        <price-with-discount>5621.704</price-with-discount>
    </sale>
    <sale>
        <car make="Fiat" model="500L" travelled-distance="92233754775807"/>
        <customer-name>Taina Achenbach</customer-name>
        <discount>0.0</discount>
        <price>2387.04</price>
        <price-with-discount>2387.04</price-with-discount>
    </sale>
    <sale>
        <car make="Dacia" model="Sandero Stepway" travelled-distance="922337807"/>
        <customer-name>Hai Everton</customer-name>
        <discount>0.2</discount>
        <price>4439.91</price>
        <price-with-discount>3551.928</price-with-discount>
    </sale>
    <sale>
        <car make="Nissan" model="370Z" travelled-distance="922307"/>
        <customer-name>Audrea Cardinal</customer-name>
        <discount>0.1</discount>
        <price>7279.23</price>
        <price-with-discount>6551.307</price-with-discount>
    </sale>
    <sale>
        <car make="Toyota" model="Tacoma" travelled-distance="927"/>
        <customer-name>Audrea Cardinal</customer-name>
        <discount>0.3</discount>
        <price>2326.71</price>
        <price-with-discount>1628.6970000000001</price-with-discount>
    </sale>
    <sale>
        <car make="Opel" model="Vectra" travelled-distance="9223372854775807"/>
        <customer-name>Rico Peer</customer-name>
        <discount>0.45</discount>
        <price>2450.81</price>
        <price-with-discount>1347.9455</price-with-discount>
    </sale>
    <sale>
        <car make="Seat" model="Mii" travelled-distance="214747"/>
        <customer-name>Francis Mckim</customer-name>
        <discount>0.55</discount>
        <price>6519.76</price>
        <price-with-discount>2933.892</price-with-discount>
    </sale>
    <sale>
        <car make="Ferrari" model="Daytona" travelled-distance="922337275807"/>
        <customer-name>Yvonne Mccalla</customer-name>
        <discount>0.05</discount>
        <price>12154.34</price>
        <price-with-discount>11546.623</price-with-discount>
    </sale>
    <sale>
        <car make="Opel" model="Corsa" travelled-distance="21474847"/>
        <customer-name>Hipolito Lamoreaux</customer-name>
        <discount>0.25</discount>
        <price>1838.65</price>
        <price-with-discount>1378.9875000000002</price-with-discount>
    </sale>
    <sale>
        <car make="Seat" model="Toledo" travelled-distance="21447"/>
        <customer-name>Rema Revelle</customer-name>
        <discount>0.05</discount>
        <price>3883.7200000000003</price>
        <price-with-discount>3689.534</price-with-discount>
    </sale>
    <sale>
        <car make="Chevy" model="Matiz" travelled-distance="922337203685807"/>
        <customer-name>Carole Witman</customer-name>
        <discount>0.1</discount>
        <price>2873.25</price>
        <price-with-discount>2585.925</price-with-discount>
    </sale>
    <sale>
        <car make="Skoda" model="Fabia" travelled-distance="9223372036875807"/>
        <customer-name>Louann Holzworth</customer-name>
        <discount>0.3</discount>
        <price>3004.48</price>
        <price-with-discount>2103.136</price-with-discount>
    </sale>
    <sale>
        <car make="Nissan" model="GT-R" travelled-distance="2147447"/>
        <customer-name>Faustina Burgher</customer-name>
        <discount>0.3</discount>
        <price>1834.15</price>
        <price-with-discount>1283.9050000000002</price-with-discount>
    </sale>
    <sale>
        <car make="Toyota" model="Tacoma" travelled-distance="9225807"/>
        <customer-name>Jimmy Grossi</customer-name>
        <discount>0.55</discount>
        <price>3199.0199999999995</price>
        <price-with-discount>1439.5589999999997</price-with-discount>
    </sale>
    <sale>
        <car make="Opel" model="Astra" travelled-distance="922336854775807"/>
        <customer-name>Natalie Poli</customer-name>
        <discount>0.05</discount>
        <price>4802.2699999999995</price>
        <price-with-discount>4562.156499999999</price-with-discount>
    </sale>
    <sale>
        <car make="Ford" model="Torino" travelled-distance="217"/>
        <customer-name>Nisha Markwell</customer-name>
        <discount>0.3</discount>
        <price>6656.6900000000005</price>
        <price-with-discount>4659.683000000001</price-with-discount>
    </sale>
    <sale>
        <car make="Dacia" model="Sandero" travelled-distance="922337254775807"/>
        <customer-name>Nisha Markwell</customer-name>
        <discount>0.05</discount>
        <price>3395.0899999999997</price>
        <price-with-discount>3225.3354999999997</price-with-discount>
    </sale>
    <sale>
        <car make="Renault" model="Alaskan" travelled-distance="92807"/>
        <customer-name>Taina Achenbach</customer-name>
        <discount>0.3</discount>
        <price>1428.32</price>
        <price-with-discount>999.824</price-with-discount>
    </sale>
    <sale>
        <car make="Skoda" model="Citigo" travelled-distance="2183647"/>
        <customer-name>Donnetta Soliz</customer-name>
        <discount>0.1</discount>
        <price>5776.2</price>
        <price-with-discount>5198.58</price-with-discount>
    </sale>
    <sale>
        <car make="Great Wall" model="Haval H6" travelled-distance="214747"/>
        <customer-name>Louann Holzworth</customer-name>
        <discount>0.1</discount>
        <price>2359.53</price>
        <price-with-discount>2123.577</price-with-discount>
    </sale>
    <sale>
        <car make="Mercedes" model="W212" travelled-distance="927"/>
        <customer-name>Emmitt Benally</customer-name>
        <discount>0.45</discount>
        <price>2407.14</price>
        <price-with-discount>1323.927</price-with-discount>
    </sale>
    <sale>
        <car make="Mercedes" model="W124" travelled-distance="922336854775807"/>
        <customer-name>Carri Knapik</customer-name>
        <discount>0.45</discount>
        <price>2522.63</price>
        <price-with-discount>1387.4465</price-with-discount>
    </sale>
    <sale>
        <car make="Rolls-Royce" model="Phantom" travelled-distance="922337254775807"/>
        <customer-name>Ann Mcenaney</customer-name>
        <discount>0.1</discount>
        <price>8393.859999999999</price>
        <price-with-discount>7554.473999999998</price-with-discount>
    </sale>
    <sale>
        <car make="Citroen" model="C1" travelled-distance="922337854775807"/>
        <customer-name>Brett Brickley</customer-name>
        <discount>0.45</discount>
        <price>3563.41</price>
        <price-with-discount>1959.8754999999999</price-with-discount>
    </sale>
    <sale>
        <car make="Skoda" model="Citigo" travelled-distance="92233854775807"/>
        <customer-name>Hai Everton</customer-name>
        <discount>0.15000000000000002</discount>
        <price>6146.4</price>
        <price-with-discount>5224.44</price-with-discount>
    </sale>
    <sale>
        <car make="Toyota" model="Camry Hybrid" travelled-distance="214647"/>
        <customer-name>Jimmy Grossi</customer-name>
        <discount>0.35</discount>
        <price>1018.3000000000001</price>
        <price-with-discount>661.895</price-with-discount>
    </sale>
    <sale>
        <car make="Peugeot" model="206" travelled-distance="214647"/>
        <customer-name>Johnette Derryberry</customer-name>
        <discount>0.05</discount>
        <price>2193.16</price>
        <price-with-discount>2083.502</price-with-discount>
    </sale>
    <sale>
        <car make="Dacia" model="Logan" travelled-distance="922337203687"/>
        <customer-name>Donnetta Soliz</customer-name>
        <discount>0.15000000000000002</discount>
        <price>2715.6800000000003</price>
        <price-with-discount>2308.3280000000004</price-with-discount>
    </sale>
    <sale>
        <car make="Nissan" model="GT-R" travelled-distance="96854775807"/>
        <customer-name>Daniele Zarate</customer-name>
        <discount>0.15</discount>
        <price>2231.75</price>
        <price-with-discount>1896.9875</price-with-discount>
    </sale>
    <sale>
        <car make="Mercedes" model="W211" travelled-distance="47757"/>
        <customer-name>Kristian Engberg</customer-name>
        <discount>0.5</discount>
        <price>4740.860000000001</price>
        <price-with-discount>2370.4300000000003</price-with-discount>
    </sale>
    <sale>
        <car make="Skoda" model="Fabia" travelled-distance="922337203775807"/>
        <customer-name>Ann Mcenaney</customer-name>
        <discount>0.1</discount>
        <price>5834.05</price>
        <price-with-discount>5250.645</price-with-discount>
    </sale>
    <sale>
        <car make="Renault" model="Alaskan" travelled-distance="2647"/>
        <customer-name>Lino Subia</customer-name>
        <discount>0.2</discount>
        <price>4112.42</price>
        <price-with-discount>3289.936</price-with-discount>
    </sale>
    <sale>
        <car make="Skoda" model="Citigo" travelled-distance="214747"/>
        <customer-name>Zada Attwood</customer-name>
        <discount>0.55</discount>
        <price>2823.79</price>
        <price-with-discount>1270.7054999999998</price-with-discount>
    </sale>
    <sale>
        <car make="Opel" model="Omega" travelled-distance="2147483647"/>
        <customer-name>Zada Attwood</customer-name>
        <discount>0.2</discount>
        <price>4811.68</price>
        <price-with-discount>3849.344</price-with-discount>
    </sale>
</sales>