<?xml version='1.0' encoding='UTF-8'?>
<categories>
	<category>
		<name>Drugs</name>
	</category>
	<category>
		<name>Adult</name>
	</category>
	<category>
		<name>Electronics</name>
	</category>
	<category>
		<name>Garden</name>
	</category>
	<category>
		<name>Weapons</name>
	</category>
	<category>
		<name>For Children</name>
	</category>
	<category>
		<name>Sports</name>
	</category>
	<category>
		<name>Fashion</name>
	</category>
	<category>
		<name>Autoparts</name>
	</category>
	<category>
		<name>Business</name>
	</category>
	<category>
		<name>Other</name>
	</category>
</categories>